"Timestamp","Who are you?","How many hours?","When?","Description","Gantt Chart Task Name"
"2017/02/27 11:23:05 PM GMT","Romain Nith","4","2017-02-27","Preliminary hardware draft design/test for shooting mechanism.
Ideas for defense, no implementation yet",""
"2017/03/03 10:59:02 PM GMT","Romain Nith","2","2017-03-01","Hardware/Software meeting",""
"2017/03/05 4:48:13 AM GMT","Nayem Alam","1","2017-03-02","Gannt Chart fix",""
"2017/03/05 4:49:02 AM GMT","Nayem Alam","1","2017-03-04","Gannt Chart Edit","workload"
"2017/03/06 4:48:10 PM GMT","Meeting (Whole Team)","1","2017-03-06","Meeting",""
"2017/03/07 5:16:27 AM GMT","Nayem Alam","2","2017-03-06","Powerpoint slides, edit docs, create new files","presentation docs"
"2017/03/07 5:36:21 PM GMT","Ali Sharif","1","2017-03-06","Performed testing with catapult to determine optimal swing time and arm length.",""
"2017/03/07 5:36:33 PM GMT","Philippe Papineau","1","","Performed testing with catapult to determine optimal swing time and arm length.",""
"2017/03/07 5:40:05 PM GMT","Ali Sharif","1","2017-03-01","Performed experiments to determine which motor class would be better for use with the catapult launcher.",""
"2017/03/07 5:40:22 PM GMT","Romain Nith","1","2017-03-07","Hardware documentation",""
"2017/03/07 5:42:16 PM GMT","Ali Sharif","1","2017-03-06","Prepared the experiment and test reports in latex",""
"2017/03/07 8:52:30 PM GMT","Meeting (Whole Team)","1","2017-03-07","Meeting",""
"2017/03/07 8:55:22 PM GMT","Rami Djema","1","2017-02-07","Worked on planning the way we will code the modules",""
"2017/03/12 8:03:10 PM GMT","Ali Sharif","7","2017-03-11","Worked on test chassis bot. Developed sensor framework and fixed bugs in software api","software architecture"
"2017/03/13 3:04:09 PM GMT","Meeting (Whole Team)","1","2017-03-13","group meeting","management"
"2017/03/13 9:12:01 PM GMT","Philippe Papineau;Ali Sharif","2","2017-03-13","redesigning robot and verification","verify every aspect of design"
"2017/03/13 9:12:32 PM GMT","Julien Courbebaisse;Rami Djema;Nayem Alam;Romain Nith","1","2017-03-13","redesigning robot and verification","verify every aspect of design"
"2017/03/13 9:21:58 PM GMT","Ali Sharif","2","2017-03-13","testing docs","testing plan development"
"2017/03/13 9:32:21 PM GMT","Nayem Alam","2","2017-03-13","fixing up gantt chart","project management"
"2017/03/14 2:46:33 AM GMT","Nayem Alam","1","2017-03-13","Editing and fixing up the 4 docs","documentation "
"2017/03/14 4:01:30 PM GMT","Nayem Alam","3","2017-03-14","Updated Gantt Chart + Finished making, updating and editing presentation slides","project management wk3"
"2017/03/15 3:31:57 PM GMT","Romain Nith","3","2017-03-14","Meeting with TA + Investigate Ball launcher (motorized wheel + crossbow)",""
"2017/03/15 6:30:12 PM GMT","Romain Nith","2","2017-03-15","Hardware Documentation",""
"2017/03/18 9:35:06 PM GMT","Romain Nith","5","2017-03-17","Designing Crossbow's Main Mechanics",""
"2017/03/18 9:36:21 PM GMT","Romain Nith","5","2017-03-18","Refining and Implementing Crossbow to Chassis with Reloading in Mind",""
"2017/03/19 8:56:25 PM GMT","Romain Nith","4","2017-03-19","Refining Crossbow Reload and Firing Mechanism (cont'd)",""
"2017/03/21 2:29:55 AM GMT","Nayem Alam","1","2017-03-20","Gantt chart + presentation files + additional files edited and updated","project management wk4"
"2017/03/21 6:45:53 PM GMT","Rami Djema","9","2017-03-18","Software planning and architecture",""
"2017/03/21 7:31:33 PM GMT","Meeting (Whole Team)","3","2017-03-21","Worked on software codes, all docs, presentation slides, todo lists, test entries","team meeting wk4"
"2017/03/21 8:12:03 PM GMT","Philippe Papineau","9","2017-03-19","Documentation, helping Romain with the crossbow mechanism",""
"2017/03/21 8:12:41 PM GMT","Philippe Papineau","4","2017-03-10","Testing the catapult and working on a new chassis",""
"2017/03/21 8:14:37 PM GMT","Philippe Papineau","5","2017-03-19","Documentation: Hardware docs, testing docs",""
"2017/03/22 3:27:58 PM GMT","Ali Sharif","4","2017-03-21","testing of mechanical design ","testing of mechanical design"
"2017/03/22 3:38:07 PM GMT","Ali Sharif;Julien Courbebaisse;Rami Djema","2","2017-03-21","we got values for localization and tested the robots for it's codes","initial testing of robot for the demo"
"2017/03/22 3:42:29 PM GMT","Nayem Alam","1","2017-03-22","fixed up gantt chart, and time sheets","project  management wk4"
"2017/03/24 2:51:27 PM GMT","Philippe Papineau;Nayem Alam","1","2017-03-24","Team meeting","team meeting wk4 "
"2017/03/25 6:05:55 AM GMT","Romain Nith","8","2017-03-24","Post Demo Fix and Automation of Launching Mechanism + Reloading Prototyp",""
"2017/03/25 7:18:32 PM GMT","Philippe Papineau","3","2017-03-20","Documentation",""
"2017/03/25 7:30:29 PM GMT","Philippe Papineau","6","2017-03-25","Documentation, poster design",""
"2017/03/26 6:14:08 PM GMT","Ali Sharif","7","2017-03-23","Got the wifi working for the robot. Prepared for the demo. ",""
"2017/03/26 6:14:57 PM GMT","Ali Sharif","9","2017-03-24","Worked on the navigation, pathfinder, and localization.",""
"2017/03/27 5:28:55 AM GMT","Nayem Alam","2","2017-03-26","Poster design, preliminary design on photoshop","poster design"
"2017/03/27 3:16:06 PM GMT","Philippe Papineau;Nayem Alam","1","2017-03-27","team meeting","team meeting wk5"
"2017/03/28 1:14:01 AM GMT","Julien Courbebaisse","9","2017-03-23","demo preparation, implementation and testing of wifi, localization, shooter,navigation","software development"
"2017/03/28 1:15:00 AM GMT","Julien Courbebaisse","4","2017-03-25","new localization testing and implementation","software development"
"2017/03/28 1:28:28 AM GMT","Nayem Alam","1","2017-03-27","reviewing all the documents to make sure they're up to date","revise and edit documents"
"2017/03/28 2:24:21 AM GMT","Nayem Alam","2","2017-03-27","worked on gantt chart, and presentation slides","project management wk5"
"2017/03/28 3:27:11 AM GMT","Romain Nith","9","2017-03-27","Reload/Ball Retrieval Design + Documentation ",""
"2017/03/28 7:44:48 PM GMT","Rami Djema","7","2017-03-23","testing the robot + revising the code ",""
"2017/03/28 7:47:41 PM GMT","Rami Djema","6","2017-03-27","review of software codes","review of software codes"
"2017/03/28 8:11:09 PM GMT","Julien Courbebaisse","2","2017-03-28","finished writing up localization test and helped with preparation of demo",""
"2017/03/29 8:44:35 PM GMT","Meeting (Whole Team)","1","2017-03-29","team meeting with prof","team meeting wk4"
"2017/03/29 8:45:12 PM GMT","Nayem Alam","1","2017-03-29","Worked on gantt chart, checklist for the week and checklist for the demo","project management wk5"
"2017/04/01 4:45:58 PM GMT","Nayem Alam","3","2017-04-01","working on the poster","designing the poster"
"2017/04/01 6:10:13 PM GMT","Romain Nith","5","2017-03-31","Generate LDD Files of final design and previous versions",""
"2017/04/01 7:49:09 PM GMT","Nayem Alam","2","2017-04-01","still working on poster [almost done]","poster final design"
"2017/04/01 11:15:36 PM GMT","Romain Nith","5","2017-04-01","CAD Mark I, II and III LDD",""
"2017/04/02 6:30:58 AM GMT","Nayem Alam","2","2017-04-02","almost finishing up poster","poster design final"
"2017/04/02 4:57:50 PM GMT","Nayem Alam","1","2017-04-02","almost done poster, one more thing left","poster design final"
"2017/04/02 11:04:13 PM GMT","Rami Djema","6","2017-04-27","Navigation!",""
"2017/04/02 11:04:43 PM GMT","Rami Djema","8","2017-04-02","Navigation ",""
"2017/04/02 11:49:13 PM GMT","Philippe Papineau","4","2017-04-02","Finish documentation",""
"2017/04/03 3:24:09 AM GMT","Julien Courbebaisse","7","2017-04-02","shooter implemented",""
"2017/04/03 3:24:30 AM GMT","Julien Courbebaisse","3","2017-04-02","shooter documentation",""
"2017/04/03 3:25:01 AM GMT","Romain Nith","5","2017-04-02","launcher design and testing",""
"2017/04/03 3:35:52 PM GMT","Philippe Papineau;Nayem Alam","1","2017-04-03","team meeting","team meeting wk6"
"2017/04/03 5:01:53 PM GMT","Ali Sharif","8","2017-03-30","Software Documentation ",""
"2017/04/03 6:14:30 PM GMT","Nayem Alam","2","2017-04-03","work on logistics","project management wk6"
"2017/04/03 8:47:10 PM GMT","Rami Djema","2","2017-04-04","tested all modules and worked on results files","final integration testing"
"2017/04/03 9:04:25 PM GMT","Julien Courbebaisse","4","2017-04-04","review of software codes + testing","integration testing"